,cardboard,glass,metal,paper,plastic,trash
cardboard,0.96,0.013333333333333334,0.0,0.02666666666666667,0.0,0.0
glass,0.0,0.9578947368421052,0.010526315789473684,0.0,0.021052631578947368,0.010526315789473684
metal,0.0,0.0,1.0,0.0,0.0,0.0
paper,0.0,0.0,0.0,0.9915966386554622,0.0,0.008403361344537815
plastic,0.0,0.019417475728155338,0.02912621359223301,0.0,0.9320388349514563,0.019417475728155338
trash,0.0,0.0,0.03571428571428571,0.0,0.10714285714285714,0.8571428571428571
