,cardboard,glass,metal,paper,plastic,trash
cardboard,0.9939024390243902,0.0,0.0,0.003048780487804878,0.0,0.003048780487804878
glass,0.0,0.9532019704433498,0.012315270935960592,0.0024630541871921183,0.03201970443349754,0.0
metal,0.0,0.021604938271604937,0.9537037037037037,0.0030864197530864196,0.006172839506172839,0.015432098765432098
paper,0.004210526315789474,0.0,0.004210526315789474,0.9389473684210526,0.004210526315789474,0.04842105263157895
plastic,0.0,0.023746701846965697,0.005277044854881266,0.005277044854881266,0.9525065963060686,0.013192612137203167
trash,0.0,0.0,0.0,0.0,0.0,1.0
