,cardboard,glass,metal,paper,plastic,trash
cardboard,0.8533333333333334,0.02666666666666667,0.013333333333333334,0.10666666666666667,0.0,0.0
glass,0.021052631578947368,0.8,0.010526315789473684,0.021052631578947368,0.1368421052631579,0.010526315789473684
metal,0.06976744186046512,0.19767441860465115,0.43023255813953487,0.06976744186046512,0.13953488372093023,0.09302325581395349
paper,0.14285714285714285,0.008403361344537815,0.0,0.7983193277310925,0.03361344537815126,0.01680672268907563
plastic,0.0,0.13592233009708737,0.019417475728155338,0.019417475728155338,0.8058252427184466,0.019417475728155338
trash,0.03571428571428571,0.03571428571428571,0.07142857142857142,0.39285714285714285,0.17857142857142858,0.2857142857142857
