,cardboard,glass,metal,paper,plastic,trash
cardboard,0.9333333333333333,0.0,0.0,0.05333333333333334,0.0,0.013333333333333334
glass,0.0,0.9263157894736842,0.031578947368421054,0.0,0.031578947368421054,0.010526315789473684
metal,0.0,0.03488372093023256,0.9302325581395349,0.0,0.023255813953488372,0.011627906976744186
paper,0.008403361344537815,0.008403361344537815,0.0,0.9327731092436975,0.008403361344537815,0.04201680672268908
plastic,0.0,0.06796116504854369,0.019417475728155338,0.0,0.8737864077669902,0.038834951456310676
trash,0.0,0.0,0.03571428571428571,0.0,0.0,0.9642857142857143
