,cardboard,glass,metal,paper,plastic,trash
cardboard,0.9695121951219512,0.0,0.0,0.021341463414634148,0.006097560975609756,0.003048780487804878
glass,0.0,0.9926108374384236,0.007389162561576354,0.0,0.0,0.0
metal,0.0,0.006172839506172839,0.9876543209876543,0.0,0.0030864197530864196,0.0030864197530864196
paper,0.010526315789473684,0.0,0.004210526315789474,0.9642105263157895,0.002105263157894737,0.018947368421052633
plastic,0.0,0.0158311345646438,0.005277044854881266,0.0079155672823219,0.9604221635883905,0.010554089709762533
trash,0.009174311926605505,0.027522935779816515,0.11926605504587157,0.01834862385321101,0.05504587155963303,0.7706422018348624
