,cardboard,glass,metal,paper,plastic,trash
cardboard,0.8902439024390244,0.0,0.012195121951219513,0.09146341463414634,0.003048780487804878,0.003048780487804878
glass,0.019704433497536946,0.7364532019704434,0.027093596059113302,0.0049261083743842365,0.20689655172413793,0.0049261083743842365
metal,0.08950617283950617,0.1574074074074074,0.4382716049382716,0.05864197530864197,0.1388888888888889,0.11728395061728394
paper,0.12,0.004210526315789474,0.014736842105263158,0.8147368421052632,0.02736842105263158,0.018947368421052633
plastic,0.005277044854881266,0.1662269129287599,0.0158311345646438,0.03430079155672823,0.7651715039577837,0.013192612137203167
trash,0.08256880733944955,0.05504587155963303,0.045871559633027525,0.28440366972477066,0.30275229357798167,0.22935779816513763
