,cardboard,glass,metal,paper,plastic,trash
cardboard,0.8933333333333333,0.0,0.013333333333333334,0.08,0.0,0.013333333333333334
glass,0.0,0.8947368421052632,0.042105263157894736,0.010526315789473684,0.05263157894736842,0.0
metal,0.0,0.0,0.9302325581395349,0.03488372093023256,0.011627906976744186,0.023255813953488372
paper,0.008403361344537815,0.0,0.008403361344537815,0.9327731092436975,0.01680672268907563,0.03361344537815126
plastic,0.0,0.038834951456310676,0.009708737864077669,0.0,0.9223300970873787,0.02912621359223301
trash,0.03571428571428571,0.0,0.03571428571428571,0.03571428571428571,0.14285714285714285,0.75
