,cardboard,glass,metal,paper,plastic,trash
cardboard,0.9333333333333333,0.013333333333333334,0.0,0.04,0.013333333333333334,0.0
glass,0.0,0.968421052631579,0.010526315789473684,0.0,0.021052631578947368,0.0
metal,0.0,0.011627906976744186,0.9418604651162791,0.0,0.046511627906976744,0.0
paper,0.0,0.0,0.0,0.9915966386554622,0.0,0.008403361344537815
plastic,0.0,0.02912621359223301,0.009708737864077669,0.0,0.9514563106796117,0.009708737864077669
trash,0.0,0.0,0.03571428571428571,0.0,0.14285714285714285,0.8214285714285714
