,cardboard,glass,metal,paper,plastic,trash
cardboard,0.88,0.0,0.02666666666666667,0.09333333333333334,0.0,0.0
glass,0.0,0.8631578947368421,0.05263157894736842,0.0,0.08421052631578947,0.0
metal,0.0,0.011627906976744186,0.9069767441860465,0.023255813953488372,0.011627906976744186,0.046511627906976744
paper,0.04201680672268908,0.0,0.0,0.9159663865546218,0.01680672268907563,0.025210084033613446
plastic,0.0,0.07766990291262135,0.019417475728155338,0.02912621359223301,0.8543689320388349,0.019417475728155338
trash,0.03571428571428571,0.03571428571428571,0.03571428571428571,0.07142857142857142,0.10714285714285714,0.7142857142857143
