,cardboard,glass,metal,paper,plastic,trash
cardboard,0.9969512195121951,0.0,0.0,0.0,0.003048780487804878,0.0
glass,0.0,0.9975369458128078,0.0,0.0,0.0024630541871921183,0.0
metal,0.0,0.0030864197530864196,0.9969135802469136,0.0,0.0,0.0
paper,0.0,0.0,0.0,0.9978947368421053,0.0,0.002105263157894737
plastic,0.0,0.002638522427440633,0.0,0.0,0.9973614775725593,0.0
trash,0.0,0.0,0.0,0.0,0.0,1.0
