,cardboard,glass,metal,paper,plastic,trash
cardboard,0.88,0.0,0.013333333333333334,0.09333333333333334,0.0,0.013333333333333334
glass,0.0,0.9473684210526315,0.021052631578947368,0.0,0.031578947368421054,0.0
metal,0.0,0.023255813953488372,0.9418604651162791,0.011627906976744186,0.0,0.023255813953488372
paper,0.01680672268907563,0.0,0.008403361344537815,0.9495798319327731,0.0,0.025210084033613446
plastic,0.0,0.05825242718446602,0.02912621359223301,0.0,0.8737864077669902,0.038834951456310676
trash,0.03571428571428571,0.0,0.03571428571428571,0.07142857142857142,0.03571428571428571,0.8214285714285714
