,cardboard,glass,metal,paper,plastic,trash
cardboard,0.96,0.013333333333333334,0.0,0.02666666666666667,0.0,0.0
glass,0.0,0.968421052631579,0.0,0.0,0.031578947368421054,0.0
metal,0.0,0.011627906976744186,0.9767441860465116,0.0,0.011627906976744186,0.0
paper,0.0,0.0,0.0,0.957983193277311,0.008403361344537815,0.03361344537815126
plastic,0.0,0.019417475728155338,0.019417475728155338,0.009708737864077669,0.9029126213592233,0.04854368932038835
trash,0.0,0.0,0.03571428571428571,0.03571428571428571,0.0,0.9285714285714286
