,cardboard,glass,metal,paper,plastic,trash
cardboard,0.9939024390243902,0.0,0.0,0.006097560975609756,0.0,0.0
glass,0.0,0.9926108374384236,0.0049261083743842365,0.0,0.0024630541871921183,0.0
metal,0.0,0.0030864197530864196,0.9938271604938271,0.0,0.0,0.0030864197530864196
paper,0.002105263157894737,0.0,0.0,0.9936842105263158,0.0,0.004210526315789474
plastic,0.0,0.005277044854881266,0.002638522427440633,0.0,0.978891820580475,0.013192612137203167
trash,0.01834862385321101,0.0,0.01834862385321101,0.009174311926605505,0.0,0.9541284403669725
