,cardboard,glass,metal,paper,plastic,trash
cardboard,1.0,0.0,0.0,0.0,0.0,0.0
glass,0.0,0.9950738916256158,0.0049261083743842365,0.0,0.0,0.0
metal,0.0,0.009259259259259259,0.9907407407407407,0.0,0.0,0.0
paper,0.0,0.0,0.002105263157894737,0.9873684210526316,0.0,0.010526315789473684
plastic,0.0,0.005277044854881266,0.0,0.002638522427440633,0.9736147757255936,0.018469656992084433
trash,0.0,0.0,0.0,0.009174311926605505,0.0,0.9908256880733946
