,cardboard,glass,metal,paper,plastic,trash
cardboard,0.948170731707317,0.0,0.003048780487804878,0.039634146341463415,0.009146341463414634,0.0
glass,0.0,0.9926108374384236,0.0024630541871921183,0.0,0.0049261083743842365,0.0
metal,0.0030864197530864196,0.0030864197530864196,0.9876543209876543,0.006172839506172839,0.0,0.0
paper,0.016842105263157894,0.0,0.014736842105263158,0.9557894736842105,0.004210526315789474,0.008421052631578947
plastic,0.0,0.06068601583113457,0.005277044854881266,0.0158311345646438,0.9076517150395779,0.010554089709762533
trash,0.01834862385321101,0.23853211009174313,0.01834862385321101,0.009174311926605505,0.07339449541284404,0.6422018348623854
