,accuracy,balanced_accuracy,macro_f1,micro_f1
train,0.9633844631370608,0.9408420408811785,0.9443410532417339,0.9633844631370608
test,0.9071146245059288,0.8872343233182013,0.8852994943644301,0.9071146245059288
