,accuracy,balanced_accuracy,macro_f1,micro_f1
train,0.9970311726867888,0.9972619233722492,0.9973266951502772,0.9970311726867888
test,0.9624505928853755,0.9497788445986468,0.9500122064338162,0.9624505928853755
