,accuracy,balanced_accuracy,macro_f1,micro_f1
train,0.9891142998515586,0.9896039195363294,0.9839262635261484,0.9891142998515586
test,0.950592885375494,0.9491054136476755,0.9378060273586403,0.950592885375494
