,accuracy,balanced_accuracy,macro_f1,micro_f1
train,0.9975259772389906,0.9977763266644302,0.9972775217488153,0.9975259772389906
test,0.9525691699604744,0.934682728640806,0.9420963191175408,0.9525691699604744
