,accuracy,balanced_accuracy,macro_f1,micro_f1
train,0.9886194952993568,0.9845074847384007,0.9828540764999837,0.9886194952993568
test,0.9150197628458498,0.9023372828828742,0.8961186135600547,0.9150197628458498
