,accuracy,balanced_accuracy,macro_f1,micro_f1
train,0.7100445324096981,0.6457058089293207,0.6429115450819544,0.7100445324096981
test,0.717391304347826,0.6622374579394488,0.6583723558642952,0.717391304347826
