,accuracy,balanced_accuracy,macro_f1,micro_f1
train,0.9411182582879762,0.9056798189532614,0.9175075162399023,0.9411182582879762
test,0.8754940711462451,0.85579261196701,0.8554389455027902,0.8754940711462451
