,accuracy,balanced_accuracy,macro_f1,micro_f1
train,0.9589312221672439,0.9653770129830942,0.9492305228638948,0.9589312221672439
test,0.9209486166007905,0.926787818707159,0.9092606456018238,0.9209486166007905
