,label,train,test
0,cardboard,0.9658385093167702,0.9166666666666666
1,glass,0.8896247240618101,0.8913043478260869
2,metal,0.960960960960961,0.8863636363636364
3,paper,0.9537815126050421,0.8861788617886179
4,plastic,0.958217270194986,0.8627450980392157
5,trash,0.8974358974358975,0.6896551724137931
