,label,train,test
0,cardboard,0.9939024390243902,0.9859154929577465
1,glass,0.9602977667493796,0.8888888888888888
2,metal,0.9716981132075472,0.9302325581395349
3,paper,0.9889135254988913,0.9652173913043478
4,plastic,0.955026455026455,0.9375
5,trash,0.7622377622377622,0.6923076923076923
