,label,train,test
0,cardboard,0.9814814814814815,0.9710144927536232
1,glass,0.9734299516908212,0.9550561797752809
2,metal,0.9411764705882353,0.9090909090909091
3,paper,0.9744680851063829,0.9098360655737705
4,plastic,0.9732620320855615,0.8878504672897196
5,trash,0.8484848484848485,0.6774193548387096
