,label,train,test
0,cardboard,0.7355163727959698,0.7111111111111111
1,glass,0.7102137767220903,0.6846846846846847
2,metal,0.8114285714285714,0.8604651162790697
3,paper,0.8029045643153527,0.7661290322580645
4,plastic,0.6223175965665236,0.7094017094017094
5,trash,0.3125,0.38095238095238093
