,label,train,test
0,cardboard,1.0,1.0
1,glass,0.995085995085995,0.9484536082474226
2,metal,1.0,0.9642857142857143
3,paper,1.0,0.9752066115702479
4,plastic,0.9947368421052631,0.8990825688073395
5,trash,0.990909090909091,0.92
