,label,train,test
0,cardboard,1.0,1.0
1,glass,0.9877750611246944,0.9583333333333334
2,metal,0.9907407407407407,0.9655172413793104
3,paper,0.9957537154989384,0.9661016949152542
4,plastic,1.0,0.9489795918367347
5,trash,0.9,0.7428571428571429
