,label,train,test
0,cardboard,0.9908814589665653,0.9565217391304348
1,glass,0.9926108374384236,0.9183673469387755
2,metal,0.9847094801223242,0.9101123595505618
3,paper,0.9936842105263158,0.9186991869918699
4,plastic,0.9973118279569892,0.9574468085106383
5,trash,0.9285714285714286,0.696969696969697
