,label,train,test
0,cardboard,1.0,1.0
1,glass,0.9926470588235294,0.9680851063829787
2,metal,0.9938271604938271,0.945054945054945
3,paper,0.9978947368421053,0.9833333333333333
4,plastic,1.0,0.9504950495049505
5,trash,1.0,0.8571428571428571
