,label,train,test
0,cardboard,0.9939024390243902,0.9333333333333333
1,glass,0.9532019704433498,0.9263157894736842
2,metal,0.9537037037037037,0.9302325581395349
3,paper,0.9389473684210526,0.9327731092436975
4,plastic,0.9525065963060686,0.8737864077669902
5,trash,1.0,0.9642857142857143
