,label,train,test
0,cardboard,1.0,0.96
1,glass,0.9950738916256158,0.968421052631579
2,metal,0.9907407407407407,0.9767441860465116
3,paper,0.9873684210526316,0.957983193277311
4,plastic,0.9736147757255936,0.9029126213592233
5,trash,0.9908256880733946,0.9285714285714286
