,label,train,test
0,cardboard,0.9939024390243902,0.88
1,glass,0.9926108374384236,0.9473684210526315
2,metal,0.9938271604938271,0.9418604651162791
3,paper,0.9936842105263158,0.9495798319327731
4,plastic,0.978891820580475,0.8737864077669902
5,trash,0.9541284403669725,0.8214285714285714
