,label,train,test
0,cardboard,0.9695121951219512,0.8933333333333333
1,glass,0.9926108374384236,0.8947368421052632
2,metal,0.9876543209876543,0.9302325581395349
3,paper,0.9642105263157895,0.9327731092436975
4,plastic,0.9604221635883905,0.9223300970873787
5,trash,0.7706422018348624,0.75
