,label,train,test
0,cardboard,0.9969512195121951,0.9333333333333333
1,glass,0.9975369458128078,0.968421052631579
2,metal,0.9969135802469136,0.9418604651162791
3,paper,0.9978947368421053,0.9915966386554622
4,plastic,0.9973614775725593,0.9514563106796117
5,trash,1.0,0.8214285714285714
