,label,train,test
0,cardboard,0.8902439024390244,0.8533333333333334
1,glass,0.7364532019704434,0.8
2,metal,0.4382716049382716,0.43023255813953487
3,paper,0.8147368421052632,0.7983193277310925
4,plastic,0.7651715039577837,0.8058252427184466
5,trash,0.22935779816513763,0.2857142857142857
