,label,train,test
0,cardboard,0.948170731707317,0.88
1,glass,0.9926108374384236,0.8631578947368421
2,metal,0.9876543209876543,0.9069767441860465
3,paper,0.9557894736842105,0.9159663865546218
4,plastic,0.9076517150395779,0.8543689320388349
5,trash,0.6422018348623854,0.7142857142857143
