,accuracy,balanced_accuracy,macro_f1,micro_f1
train,0.9533666666666667,0.9533666666666667,0.9529627110726604,0.9533666666666667
test,0.9327,0.9327,0.9320685837111394,0.9327
