,accuracy,balanced_accuracy,macro_f1,micro_f1
train,0.9391833333333334,0.9391833333333333,0.938764698586658,0.9391833333333334
test,0.9263,0.9263,0.9258983344965621,0.9263
