,accuracy,balanced_accuracy,macro_f1,micro_f1
train,0.94865,0.94865,0.9480199145992676,0.94865
test,0.9301,0.9301,0.9296082033543527,0.9301
