,label,train,test
0,T - shirt / top,0.9365348718818938,0.8835143139190523
1,Trouser,0.9966649991662498,0.9979818365287588
2,Pullover,0.8886864085041761,0.853393665158371
3,Dress,0.9263190758663753,0.8957169459962756
4,Coat,0.949453036589966,0.9142236699239956
5,Sandal,0.991880695940348,0.9880715705765407
6,Shirt,0.902909278705457,0.8641975308641975
7,Sneaker,0.9587695281043647,0.9475190839694656
8,Bag,0.9985014985014985,0.9940298507462687
9,Ankle boot,0.9907954150746787,0.9936575052854123
