,label,train,test
0,T - shirt / top,0.9589212359349883,0.9116424116424117
1,Trouser,0.997995657257391,0.9979818365287588
2,Pullover,0.8718253378880143,0.8380281690140845
3,Dress,0.9071005017485175,0.8861566484517304
4,Coat,0.9916666666666667,0.9778933680104032
5,Sandal,0.9904100529100529,0.9900398406374502
6,Shirt,0.8645151231680699,0.8119001919385797
7,Sneaker,0.9410655351249411,0.9333333333333333
8,Bag,0.9983361064891847,0.995004995004995
9,Ankle boot,0.9974950796206835,0.9957081545064378
