,label,train,test
0,T - shirt / top,0.9202245279809491,0.8860887096774194
1,Trouser,0.997980477953551,0.9989847715736041
2,Pullover,0.899380066762041,0.8862102217936355
3,Dress,0.8970227133210559,0.8877551020408163
4,Coat,0.8915018706574025,0.8713389121338913
5,Sandal,0.9877137639050307,0.987
6,Shirt,0.8645487868738,0.8278775079197466
7,Sneaker,0.9515637530072173,0.9374407582938389
8,Bag,0.9963376061261862,0.993006993006993
9,Ankle boot,0.9859496964440589,0.9873551106427819
