,label,train,test
0,T - shirt / top,0.9198333333333333,0.895
1,Trouser,0.9961666666666666,0.989
2,Pullover,0.9753333333333334,0.943
3,Dress,0.989,0.962
4,Coat,0.839,0.842
5,Sandal,0.9976666666666667,0.994
6,Shirt,0.8741666666666666,0.77
7,Sneaker,0.9921666666666666,0.993
8,Bag,0.9995,0.999
9,Ankle boot,0.9508333333333333,0.94
