,label,train,test
0,T - shirt / top,0.9016666666666666,0.879
1,Trouser,0.9883333333333333,0.984
2,Pullover,0.943,0.919
3,Dress,0.9741666666666666,0.957
4,Coat,0.834,0.833
5,Sandal,0.9915,0.987
6,Shirt,0.8255,0.784
7,Sneaker,0.9888333333333333,0.989
8,Bag,0.9975,0.994
9,Ankle boot,0.9473333333333334,0.937
