,label,train,test
0,T - shirt / top,0.8948333333333334,0.877
1,Trouser,0.9958333333333333,0.989
2,Pullover,0.9783333333333334,0.952
3,Dress,0.9943333333333333,0.973
4,Coat,0.7735,0.752
5,Sandal,0.9983333333333333,0.994
6,Shirt,0.9241666666666667,0.846
7,Sneaker,0.998,0.994
8,Bag,1.0,0.996
9,Ankle boot,0.9291666666666667,0.928
